標題,建立時間,科目
三垂線定理,2025年9月22日 下午7:59,數學
關係代名詞,2025年9月21日 下午10:55,英文
分詞構句,2025年9月21日 下午10:55,英文
師說,2025年9月21日 下午10:54,國文
晚遊六橋待月記,2025年9月21日 下午10:53,國文
赤壁賦,2025年9月20日 下午8:01,國文
潮汐鎖定,2025年9月20日 下午8:00,地球科學
硫酸,2025年9月20日 下午7:40,化學
必歐-沙伐定律,2025年9月20日 下午5:37,物理
小蘇打和大蘇打,2025年9月20日 下午12:13,化學
同步衛星,2025年9月20日 上午7:49,地球科學
鋅銅電池,2025年9月20日 上午7:47,化學
伏打電池,2025年9月20日 上午7:44,化學
高基氏體,2025年9月20日 上午7:37,生物
中心體,2025年9月20日 上午7:35,生物
細胞核,2025年9月20日 上午7:34,生物
平滑內質網,2025年9月20日 上午7:33,生物
粗糙內質網,2025年9月20日 上午7:33,生物
星系形狀,2025年9月20日 上午7:31,地球科學
銀河系,2025年9月20日 上午7:29,地球科學
太陽系,2025年9月20日 上午7:27,地球科學
太陽系行星自轉,2025年9月20日 上午7:24,地球科學
太陽系行星公轉,2025年9月20日 上午7:23,地球科學
月球公轉,2025年9月20日 上午7:22,地球科學
地球公轉,2025年9月20日 上午7:21,地球科學
地球自轉,2025年9月20日 上午7:19,地球科學
黃道十二宮,2025年9月20日 上午7:17,地球科學
布洛酸鹼,2025年9月20日 上午7:14,化學
阿瑞尼斯酸,2025年9月20日 上午7:13,化學
氧化與還原,2025年9月20日 上午7:12,化學
還原半反應,2025年9月20日 上午7:10,化學
氧化半反應,2025年9月20日 上午7:06,化學
氧化數,2025年9月20日 上午7:05,化學
地球潮汐的大潮小潮,2025年9月20日 上午12:55,地球科學
DNA複製為何5'到3',2025年9月20日 上午12:00,生物
安培計,2025年9月19日 下午11:58,化學
檢流計,2025年9月19日 下午11:58,化學
電流與電子流,2025年9月19日 下午11:57,物理
電磁感應,2025年9月19日 下午11:55,物理
電流磁效應,2025年9月19日 下午11:53,物理